338.49,267.08,-462.0
338.49,267.08,-462.0
338.49,267.08,-462.0
338.49,267.08,-462.0
338.49,267.08,-462.0
338.49,267.08,-462.0
338.49,267.08,-462.0
324.38,267.08,-468.79
324.38,267.08,-468.79
324.38,267.08,-468.79
324.38,267.08,-468.79
338.49,267.08,-489.18
338.49,267.08,-489.18
338.49,267.08,-489.18
338.49,267.08,-489.18
338.49,267.08,-489.18
338.49,267.08,-489.18
338.49,267.08,-489.18
345.54,267.08,-502.76
345.54,267.08,-502.76
345.54,274.11,-529.94
345.54,274.11,-529.94
345.54,274.11,0.0
338.49,281.14,-536.73
338.49,281.14,-536.73
338.49,281.14,-536.73
338.49,281.14,-536.73
338.49,281.14,-536.73
338.49,281.14,-536.73
338.49,281.14,-536.73
338.49,281.14,-536.73
345.54,302.22,-557.12
345.54,302.22,-557.12
338.49,288.16,-557.12
338.49,274.11,-577.5
338.49,274.11,-577.5
338.49,274.11,-577.5
352.59,281.14,-604.68
352.59,281.14,-604.68
352.59,281.14,-604.68
352.59,281.14,-604.68
352.59,281.14,-604.68
352.59,281.14,-604.68
352.59,281.14,-604.68
359.64,274.11,-631.85
359.64,274.11,-631.85
359.64,274.11,-631.85
359.64,274.11,-631.85
359.64,274.11,-631.85
359.64,274.11,-631.85
359.64,274.11,-631.85
366.69,281.14,-665.82
366.69,281.14,-665.82
366.69,281.14,-665.82
387.85,260.05,-686.21
387.85,260.05,-686.21
387.85,260.05,-686.21
387.85,260.05,-686.21
387.85,260.05,-686.21
387.85,260.05,-686.21
387.85,260.05,-686.21
387.85,260.05,-686.21
387.85,260.05,-686.21
387.85,238.97,-686.21
387.85,238.97,-686.21
387.85,238.97,-686.21
387.85,238.97,-686.21
387.85,238.97,-686.21
387.85,238.97,-713.38
387.85,238.97,-713.38
387.85,238.97,-713.38
394.9,210.85,-720.18
394.9,210.85,-720.18
394.9,210.85,-720.18
394.9,210.85,-720.18
394.9,210.85,-720.18
394.9,210.85,-720.18
394.9,210.85,-720.18
394.9,210.85,-720.18
394.9,210.85,-720.18
401.95,196.79,-713.38
401.95,196.79,-713.38
401.95,196.79,-713.38
401.95,196.79,-713.38
401.95,196.79,-713.38
401.95,196.79,-713.38
401.95,196.79,-713.38
401.95,196.79,-713.38
401.95,196.79,-713.38
409.01,189.77,-720.18
409.01,189.77,-720.18
409.01,189.77,-720.18
409.01,189.77,-720.18
409.01,189.77,-720.18
409.01,189.77,-720.18
409.01,189.77,-720.18
409.01,189.77,-720.18
409.01,189.77,-726.97
409.01,189.77,-726.97
409.01,189.77,-726.97
409.01,189.77,-726.97
409.01,189.77,-726.97
409.01,189.77,-726.97
409.01,189.77,-726.97
409.01,189.77,-726.97
409.01,189.77,-726.97
416.06,175.71,-733.76
416.06,175.71,-733.76
416.06,175.71,-733.76
416.06,175.71,-733.76
416.06,175.71,-733.76
401.95,203.82,-713.38
401.95,203.82,-713.38
401.95,203.82,-713.38
401.95,203.82,-713.38
401.95,203.82,-713.38
401.95,224.91,-720.18
401.95,224.91,-720.18
401.95,224.91,-720.18
401.95,224.91,-720.18
401.95,224.91,-720.18
401.95,224.91,-720.18
401.95,224.91,-720.18
401.95,224.91,-720.18
401.95,224.91,-720.18
401.95,217.88,-713.38
401.95,217.88,-713.38
401.95,217.88,-713.38
401.95,217.88,-713.38
401.95,217.88,-713.38
401.95,217.88,-713.38
401.95,217.88,-713.38
401.95,217.88,-713.38
401.95,217.88,-713.38
401.95,217.88,-713.38
401.95,217.88,-713.38
401.95,217.88,-713.38
401.95,196.79,-720.18
401.95,196.79,-720.18
401.95,196.79,-720.18
401.95,196.79,-720.18
401.95,196.79,-720.18
401.95,147.6,-733.76
401.95,147.6,-733.76
401.95,147.6,-733.76
401.95,147.6,-733.76
401.95,147.6,-733.76
401.95,140.57,-747.35
401.95,140.57,-747.35
401.95,140.57,-747.35
401.95,140.57,-747.35
401.95,140.57,-747.35
401.95,140.57,-747.35
401.95,140.57,-747.35
401.95,140.57,-747.35
394.9,112.45,-740.56
394.9,112.45,-740.56
394.9,112.45,-740.56
394.9,112.45,-740.56
394.9,112.45,-740.56
394.9,112.45,-740.56
394.9,112.45,-740.56
394.9,112.45,-740.56
394.9,112.45,-740.56
394.9,112.45,-740.56
394.9,112.45,-740.56
394.9,84.34,-733.76
394.9,84.34,-733.76
394.9,84.34,-733.76
394.9,84.34,-733.76
394.9,84.34,-733.76
394.9,84.34,-733.76
394.9,84.34,-733.76
394.9,84.34,-733.76
394.9,84.34,-733.76
394.9,84.34,-733.76
394.9,84.34,-733.76
401.95,77.31,-733.76
401.95,77.31,-733.76
401.95,77.31,-733.76
401.95,77.31,-733.76
401.95,77.31,-733.76
401.95,77.31,-733.76
401.95,77.31,-733.76
401.95,77.31,-733.76
401.95,77.31,-733.76
401.95,77.31,-733.76
401.95,77.31,-733.76
409.01,49.2,-720.18
409.01,49.2,-720.18
409.01,49.2,-720.18
409.01,49.2,-720.18
409.01,49.2,-720.18
409.01,49.2,-720.18
409.01,49.2,-720.18
409.01,49.2,-720.18
409.01,49.2,-720.18
409.01,49.2,-720.18
409.01,49.2,-720.18
409.01,28.11,-713.38
409.01,28.11,-713.38
409.01,28.11,-713.38
409.01,28.11,-713.38
409.01,28.11,-713.38
409.01,28.11,-713.38
409.01,28.11,-713.38
409.01,28.11,-713.38
409.01,28.11,-713.38
409.01,28.11,-713.38
409.01,28.11,-713.38
409.01,28.11,-713.38
409.01,28.11,-713.38
409.01,28.11,-713.38
409.01,28.11,-713.38
409.01,28.11,-713.38
409.01,28.11,-713.38
409.01,28.11,-713.38
430.16,14.06,-713.38
430.16,14.06,-713.38
430.16,14.06,-713.38
430.16,14.06,-713.38
430.16,14.06,-713.38
430.16,14.06,-713.38
430.16,14.06,-713.38
430.16,14.06,-713.38
430.16,14.06,-713.38
416.06,-21.09,-693.0
416.06,-21.09,-693.0
416.06,-21.09,-693.0
416.06,-21.09,-693.0
416.06,-21.09,-693.0
416.06,-21.09,-693.0
416.06,-21.09,-693.0
409.01,-42.17,-672.62
409.01,-42.17,-672.62
409.01,-42.17,-672.62
409.01,-42.17,-672.62
409.01,-42.17,-672.62
409.01,-42.17,-672.62
409.01,-42.17,-672.62
409.01,-42.17,-672.62
409.01,-42.17,-672.62
409.01,-42.17,-672.62
416.06,-70.28,-638.65
416.06,-70.28,-638.65
416.06,-70.28,-638.65
416.06,-70.28,-638.65
416.06,-70.28,-638.65
416.06,-70.28,-638.65
416.06,-70.28,-638.65
416.06,-70.28,-638.65
416.06,-70.28,-638.65
416.06,-70.28,-638.65
416.06,-70.28,-638.65
423.11,-91.37,-631.85
423.11,-91.37,-631.85
423.11,-91.37,-631.85
423.11,-91.37,-631.85
423.11,-91.37,-631.85
423.11,-91.37,-631.85
423.11,-91.37,-631.85
423.11,-91.37,-631.85
416.06,-112.45,-597.88
416.06,-112.45,-597.88
416.06,-112.45,-597.88
416.06,-112.45,-597.88
416.06,-112.45,-597.88
416.06,-112.45,-597.88
416.06,-112.45,-597.88
416.06,-91.37,-577.5
416.06,-91.37,-577.5
416.06,-91.37,-577.5
416.06,-91.37,-577.5
416.06,-91.37,-577.5
416.06,-91.37,-577.5
416.06,-91.37,-577.5
423.11,-84.34,-543.53
423.11,-84.34,-543.53
423.11,-84.34,-543.53
423.11,-84.34,-543.53
423.11,-84.34,-543.53
423.11,-84.34,-543.53
423.11,-84.34,-543.53
416.06,-119.48,-523.15
416.06,-119.48,-523.15
416.06,-119.48,-523.15
416.06,-119.48,-523.15
416.06,-119.48,-523.15
416.06,-119.48,-523.15
416.06,-91.37,-489.18
416.06,-91.37,-489.18
416.06,-91.37,-489.18
416.06,-91.37,-489.18
416.06,-91.37,-489.18
416.06,-91.37,-489.18
416.06,-91.37,-489.18
416.06,-91.37,-489.18
416.06,-91.37,-489.18
394.9,-112.45,-482.38
394.9,-112.45,-482.38
394.9,-112.45,-482.38
394.9,-112.45,-482.38
394.9,-112.45,-482.38
394.9,-112.45,-482.38
394.9,-112.45,-482.38
394.9,-112.45,-482.38
416.06,-91.37,-462.0
416.06,-91.37,-462.0
416.06,-91.37,-462.0
416.06,-91.37,-462.0
416.06,-91.37,-462.0
416.06,-91.37,-462.0
416.06,-91.37,-462.0
416.06,-91.37,-462.0
416.06,-91.37,-462.0
416.06,-91.37,-462.0
416.06,-91.37,-462.0
401.95,-77.31,-441.62
387.85,-49.2,-414.44
387.85,-49.2,-414.44
387.85,-49.2,-414.44
387.85,-49.2,-414.44
387.85,-49.2,-414.44
387.85,-49.2,-414.44
387.85,-49.2,-414.44
387.85,-49.2,-414.44
387.85,-49.2,-414.44
387.85,-49.2,-414.44
387.85,-49.2,-414.44
401.95,-49.2,-400.85
401.95,-49.2,-400.85
401.95,-49.2,-400.85
401.95,-49.2,-400.85
401.95,-49.2,-400.85
401.95,-49.2,-400.85
401.95,-49.2,-400.85
401.95,-49.2,-400.85
380.8,-42.17,-394.06
380.8,-42.17,-394.06
380.8,-42.17,-394.06
380.8,-42.17,-394.06
380.8,-42.17,-394.06
380.8,-42.17,-394.06
380.8,-42.17,-394.06
380.8,-42.17,-394.06
380.8,-42.17,-394.06
380.8,-42.17,-394.06
380.8,-42.17,-394.06
380.8,-21.09,-387.26
380.8,-21.09,-387.26
380.8,-21.09,-387.26
380.8,-21.09,-387.26
380.8,-21.09,-387.26
380.8,-21.09,-387.26
380.8,-21.09,-387.26
380.8,-21.09,-387.26
380.8,-21.09,-387.26
380.8,-21.09,-387.26
380.8,-21.09,-387.26
380.8,-21.09,-387.26
380.8,-28.11,-394.06
380.8,-28.11,-394.06
380.8,-28.11,-394.06
380.8,-28.11,-394.06
380.8,-28.11,-394.06
380.8,-28.11,-394.06
380.8,-28.11,-394.06
380.8,-28.11,-394.06
380.8,-14.06,-373.68
380.8,-14.06,-373.68
380.8,-14.06,-373.68
380.8,-14.06,-373.68
380.8,-14.06,-373.68
380.8,-14.06,-373.68
380.8,-14.06,-373.68
380.8,-14.06,-373.68
380.8,-14.06,-373.68
366.69,7.03,-373.68
366.69,7.03,-373.68
366.69,7.03,-373.68
366.69,7.03,-373.68
366.69,7.03,-373.68
366.69,7.03,-373.68
366.69,7.03,-373.68
366.69,7.03,-373.68
366.69,7.03,-373.68
366.69,7.03,-373.68
366.69,14.06,-373.68
366.69,14.06,-373.68
366.69,14.06,-373.68
366.69,14.06,-373.68
366.69,14.06,-373.68
366.69,14.06,-373.68
366.69,14.06,-373.68
366.69,14.06,-373.68
366.69,14.06,-373.68
366.69,14.06,-373.68
366.69,14.06,-373.68
366.69,35.14,-366.88
366.69,35.14,-366.88
366.69,35.14,-366.88
366.69,35.14,-366.88
366.69,35.14,-366.88
366.69,35.14,-366.88
352.59,49.2,-353.29
352.59,49.2,-353.29
352.59,49.2,-353.29
352.59,49.2,-353.29
352.59,49.2,-353.29
352.59,49.2,-353.29
352.59,49.2,-353.29
352.59,49.2,-353.29
352.59,49.2,-353.29
359.64,63.26,-373.68
359.64,63.26,-373.68
359.64,63.26,-373.68
359.64,63.26,-373.68
359.64,63.26,-373.68
359.64,63.26,-373.68
359.64,63.26,-373.68
359.64,63.26,-373.68
359.64,63.26,-373.68
359.64,63.26,-373.68
359.64,70.28,-360.09
359.64,70.28,-360.09
359.64,70.28,-360.09
359.64,70.28,-360.09
359.64,70.28,-360.09
352.59,77.31,-373.68
352.59,77.31,-373.68
352.59,77.31,-373.68
352.59,77.31,-373.68
352.59,77.31,-373.68
352.59,77.31,-373.68
352.59,77.31,-373.68
352.59,77.31,-373.68
352.59,77.31,-373.68
352.59,77.31,-373.68
352.59,77.31,-373.68
352.59,77.31,-373.68
352.59,77.31,-353.29
352.59,77.31,-353.29
352.59,77.31,-353.29
352.59,77.31,-353.29
352.59,77.31,-353.29
352.59,77.31,-353.29
352.59,77.31,-353.29
352.59,77.31,-353.29
352.59,77.31,-353.29
352.59,77.31,-353.29
345.54,91.37,-346.5
345.54,91.37,-346.5
345.54,91.37,-346.5
345.54,91.37,-346.5
345.54,91.37,-346.5
345.54,91.37,-346.5
345.54,91.37,-346.5
345.54,91.37,-346.5
345.54,91.37,-346.5
324.38,98.4,-353.29
324.38,98.4,-353.29
324.38,98.4,-353.29
324.38,98.4,-353.29
324.38,98.4,-353.29
324.38,98.4,-353.29
324.38,98.4,-353.29
324.38,98.4,-353.29
324.38,98.4,-353.29
324.38,98.4,-353.29
338.49,98.4,-373.68
338.49,98.4,-373.68
338.49,98.4,-373.68
338.49,98.4,-373.68
338.49,98.4,-373.68
338.49,98.4,-373.68
331.44,112.45,-366.88
331.44,112.45,-366.88
331.44,112.45,-366.88
331.44,112.45,-366.88
331.44,112.45,-373.68
331.44,112.45,-373.68
331.44,112.45,-373.68
331.44,112.45,-373.68
331.44,112.45,-373.68
331.44,112.45,-373.68
331.44,126.51,-373.68
331.44,126.51,-373.68
331.44,126.51,-373.68
331.44,126.51,-373.68
331.44,126.51,-373.68
331.44,126.51,-373.68
331.44,126.51,-373.68
345.54,119.48,-380.47
345.54,119.48,-380.47
345.54,119.48,-380.47
345.54,119.48,-380.47
345.54,119.48,-380.47
345.54,119.48,-380.47
345.54,119.48,-380.47
345.54,119.48,-380.47
345.54,119.48,-380.47
324.38,140.57,-373.68
324.38,140.57,-373.68
324.38,140.57,-373.68
324.38,140.57,-373.68
324.38,140.57,-373.68
324.38,140.57,-373.68
331.44,133.54,-366.88
331.44,133.54,-366.88
331.44,133.54,-366.88
331.44,133.54,-366.88
331.44,133.54,-366.88
331.44,133.54,-366.88
331.44,133.54,-366.88
331.44,133.54,-366.88
331.44,133.54,-366.88
324.38,133.54,-380.47
324.38,133.54,-380.47
324.38,133.54,-380.47
324.38,133.54,-380.47
324.38,133.54,-380.47
324.38,133.54,-380.47
324.38,133.54,-380.47
324.38,140.57,-387.26
324.38,140.57,-387.26
324.38,140.57,-387.26
324.38,140.57,-387.26
324.38,140.57,-387.26
324.38,140.57,-387.26
324.38,140.57,-387.26
324.38,140.57,-387.26
324.38,140.57,-387.26
324.38,140.57,-387.26
324.38,140.57,-387.26
324.38,140.57,-387.26
338.49,147.6,-394.06
338.49,147.6,-394.06
338.49,147.6,-394.06
338.49,147.6,-394.06
338.49,147.6,-394.06
331.44,147.6,-394.06
331.44,147.6,-394.06
331.44,147.6,-394.06
331.44,147.6,-394.06
331.44,147.6,-394.06
331.44,147.6,-394.06
331.44,147.6,-394.06
331.44,147.6,-394.06
331.44,147.6,-394.06
331.44,147.6,-394.06
331.44,147.6,-394.06
331.44,147.6,-394.06
331.44,147.6,-394.06
331.44,147.6,-394.06
331.44,147.6,-394.06
331.44,147.6,-394.06
331.44,147.6,-394.06
331.44,147.6,-394.06
331.44,147.6,-394.06
331.44,147.6,-394.06
331.44,147.6,-394.06
331.44,147.6,-394.06
331.44,147.6,-394.06
324.38,161.65,-394.06
324.38,161.65,-394.06
324.38,161.65,-394.06
324.38,161.65,-394.06
324.38,161.65,-394.06
324.38,161.65,-394.06
324.38,161.65,-394.06
324.38,161.65,-394.06
324.38,161.65,-394.06
324.38,168.68,-400.85
324.38,168.68,-400.85
324.38,168.68,-400.85
324.38,168.68,-400.85
324.38,168.68,-400.85
324.38,168.68,-400.85
324.38,168.68,-400.85
324.38,168.68,-400.85
338.49,168.68,-414.44
338.49,168.68,-414.44
338.49,168.68,-414.44
338.49,168.68,-414.44
338.49,168.68,-414.44
338.49,168.68,-414.44
338.49,168.68,-414.44
338.49,168.68,-414.44
338.49,168.68,-414.44
324.38,182.74,-407.65
324.38,182.74,-407.65
324.38,182.74,-407.65
324.38,182.74,-407.65
345.54,182.74,-428.03
345.54,182.74,-428.03
345.54,182.74,-428.03
345.54,182.74,-428.03
345.54,182.74,-428.03
345.54,182.74,-428.03
345.54,182.74,-428.03
345.54,182.74,-428.03
345.54,182.74,-428.03
345.54,182.74,-428.03
345.54,182.74,-428.03
331.44,189.77,-414.44
331.44,189.77,-414.44
331.44,189.77,-414.44
331.44,189.77,-414.44
331.44,189.77,-414.44
331.44,189.77,-414.44
331.44,189.77,-414.44
331.44,189.77,-414.44
331.44,189.77,-414.44
331.44,189.77,-414.44
331.44,189.77,-414.44
338.49,196.79,-434.82
338.49,196.79,-434.82
338.49,196.79,-434.82
338.49,196.79,-434.82
338.49,196.79,-434.82
338.49,196.79,-434.82
338.49,196.79,-434.82
338.49,196.79,-455.21
338.49,196.79,-455.21
338.49,196.79,-455.21
338.49,196.79,-455.21
338.49,196.79,-455.21
338.49,196.79,-455.21
338.49,196.79,-455.21
338.49,196.79,-455.21
324.38,189.77,-448.41
324.38,189.77,-448.41
324.38,189.77,-448.41
324.38,189.77,-448.41
324.38,189.77,-448.41
324.38,189.77,-448.41
324.38,189.77,-448.41
324.38,189.77,-448.41
324.38,189.77,-448.41
331.44,203.82,-462.0
331.44,203.82,-462.0
331.44,203.82,-462.0
331.44,203.82,-462.0
331.44,203.82,-462.0
331.44,203.82,-462.0
331.44,203.82,-462.0
352.59,217.88,-462.0
352.59,217.88,-462.0
352.59,217.88,-462.0
352.59,217.88,-462.0
352.59,217.88,-462.0
352.59,217.88,-462.0
352.59,217.88,-462.0
324.38,217.88,-468.79
324.38,217.88,-468.79
324.38,217.88,-468.79
324.38,217.88,-468.79
324.38,217.88,-468.79
324.38,217.88,-468.79
324.38,217.88,-468.79
324.38,217.88,-468.79
345.54,238.97,-468.79
345.54,238.97,-468.79
345.54,238.97,-468.79
345.54,238.97,-468.79
345.54,238.97,-468.79
345.54,238.97,-468.79
345.54,238.97,-468.79
359.64,224.91,-475.59
359.64,224.91,-475.59
359.64,224.91,-475.59
359.64,224.91,-475.59
359.64,224.91,-475.59
359.64,224.91,-475.59
359.64,224.91,-475.59
359.64,224.91,-475.59
359.64,224.91,-475.59
359.64,224.91,-475.59
359.64,224.91,-475.59
338.49,231.94,-495.97
338.49,231.94,-495.97
338.49,231.94,-495.97
338.49,231.94,-495.97
338.49,231.94,-495.97
338.49,231.94,-495.97
338.49,231.94,-495.97
338.49,231.94,-495.97
352.59,231.94,-489.18
352.59,231.94,-489.18
352.59,231.94,-489.18
352.59,231.94,-489.18
345.54,224.91,-509.56
345.54,224.91,-509.56
345.54,224.91,-509.56
345.54,224.91,-509.56
345.54,224.91,-509.56
345.54,224.91,-509.56
345.54,224.91,-509.56
345.54,224.91,-509.56
345.54,224.91,-509.56
345.54,224.91,-509.56
345.54,224.91,-509.56
366.69,245.99,-495.97
366.69,245.99,-495.97
366.69,245.99,-495.97
366.69,245.99,-495.97
366.69,245.99,-495.97
366.69,245.99,-495.97
366.69,245.99,-495.97
366.69,245.99,-495.97
366.69,245.99,-495.97
352.59,231.94,-509.56
352.59,231.94,-509.56
352.59,231.94,-509.56
352.59,231.94,-509.56
352.59,231.94,-509.56
352.59,231.94,-509.56
352.59,231.94,-509.56
352.59,231.94,-509.56
352.59,231.94,-509.56
359.64,231.94,-509.56
359.64,231.94,-509.56
359.64,231.94,-509.56
359.64,231.94,-509.56
359.64,231.94,-509.56
359.64,231.94,-509.56
359.64,231.94,-509.56
359.64,231.94,-509.56
359.64,231.94,-509.56
359.64,231.94,-509.56
352.59,231.94,-489.18
352.59,231.94,-489.18
352.59,231.94,-489.18
352.59,231.94,-489.18
352.59,231.94,-489.18
352.59,231.94,-489.18
352.59,231.94,-489.18
352.59,231.94,-489.18
352.59,231.94,-489.18
352.59,231.94,-489.18
352.59,231.94,-489.18
359.64,253.02,-509.56
359.64,253.02,-509.56
359.64,253.02,-509.56
359.64,253.02,-509.56
359.64,253.02,-509.56
366.69,245.99,-516.35
366.69,245.99,-516.35
366.69,245.99,-516.35
366.69,245.99,-516.35
366.69,245.99,-516.35
366.69,245.99,-516.35
366.69,245.99,-516.35
366.69,245.99,-516.35
366.69,245.99,-516.35
366.69,245.99,-516.35
366.69,245.99,-516.35
352.59,260.05,-516.35
352.59,260.05,-516.35
352.59,260.05,-516.35
352.59,260.05,-516.35
352.59,260.05,-516.35
352.59,260.05,-516.35
352.59,260.05,-516.35
352.59,260.05,-516.35
352.59,260.05,-516.35
352.59,260.05,-516.35
352.59,260.05,-516.35
359.64,253.02,-523.15
359.64,253.02,-523.15
359.64,253.02,-523.15
359.64,253.02,-523.15
359.64,253.02,-523.15
359.64,253.02,-523.15
359.64,253.02,-523.15
359.64,253.02,-523.15
352.59,260.05,-516.35
352.59,260.05,-516.35
352.59,260.05,-516.35
352.59,260.05,-516.35
352.59,260.05,-516.35
352.59,260.05,-516.35
352.59,260.05,-516.35
352.59,260.05,-516.35
352.59,260.05,-516.35
352.59,260.05,-516.35
352.59,260.05,-516.35
352.59,260.05,-516.35
345.54,253.02,-529.94
345.54,253.02,-529.94
345.54,253.02,-529.94
345.54,253.02,-529.94
345.54,253.02,-529.94
345.54,253.02,-529.94
345.54,253.02,-529.94
345.54,253.02,-529.94
345.54,253.02,-529.94
345.54,253.02,-529.94
345.54,253.02,-529.94
359.64,253.02,-523.15
359.64,253.02,-523.15
359.64,253.02,-523.15
359.64,253.02,-523.15
359.64,253.02,-523.15
359.64,253.02,-523.15
359.64,253.02,-523.15
359.64,253.02,-523.15
359.64,245.99,-523.15
359.64,245.99,-523.15
359.64,245.99,-523.15
359.64,245.99,-523.15
359.64,245.99,-523.15
359.64,245.99,-523.15
359.64,245.99,-523.15
359.64,245.99,-523.15
359.64,245.99,-523.15
359.64,245.99,-523.15
366.69,253.02,-536.73
366.69,253.02,-536.73
366.69,253.02,-536.73
366.69,253.02,-536.73
366.69,253.02,-536.73
366.69,253.02,-536.73
366.69,253.02,-536.73
366.69,253.02,-536.73
366.69,253.02,-536.73
352.59,253.02,-529.94
352.59,253.02,-529.94
352.59,253.02,-529.94
352.59,253.02,-529.94
352.59,253.02,-529.94
352.59,253.02,-529.94
352.59,253.02,-529.94
352.59,267.08,-550.32
352.59,267.08,-550.32
352.59,267.08,-550.32
352.59,267.08,-550.32
352.59,267.08,-550.32
352.59,267.08,-550.32
352.59,267.08,-550.32
352.59,267.08,-550.32
352.59,267.08,-550.32
352.59,253.02,-543.53
352.59,253.02,-543.53
352.59,253.02,-543.53
352.59,253.02,-543.53
352.59,253.02,-543.53
352.59,253.02,-543.53
352.59,253.02,-543.53
352.59,253.02,-543.53
352.59,253.02,-543.53
352.59,253.02,-543.53
352.59,253.02,-543.53
359.64,260.05,-536.73
359.64,260.05,-536.73
359.64,260.05,-536.73
359.64,260.05,-536.73
359.64,260.05,-536.73
359.64,260.05,-536.73
359.64,260.05,-536.73
359.64,260.05,-536.73
359.64,260.05,-536.73
359.64,260.05,-536.73
352.59,253.02,-550.32
352.59,253.02,-550.32
352.59,253.02,-550.32
352.59,253.02,-550.32
352.59,253.02,-550.32
352.59,253.02,-550.32
352.59,253.02,-550.32
352.59,253.02,-550.32
352.59,253.02,-550.32
359.64,267.08,-557.12
359.64,267.08,-557.12
359.64,267.08,-557.12
359.64,267.08,-557.12
359.64,267.08,-557.12
359.64,267.08,-557.12
359.64,267.08,-557.12
359.64,267.08,-557.12
359.64,267.08,-557.12
366.69,260.05,-543.53
366.69,260.05,-543.53
366.69,260.05,-543.53
366.69,260.05,-543.53
366.69,260.05,-543.53
366.69,260.05,-543.53
366.69,260.05,-543.53
366.69,260.05,-543.53
366.69,260.05,-543.53
366.69,260.05,-543.53
366.69,260.05,-543.53
359.64,238.97,-550.32
359.64,238.97,-550.32
359.64,238.97,-550.32
359.64,238.97,-550.32
359.64,238.97,-550.32
359.64,238.97,-550.32
352.59,267.08,-543.53
352.59,267.08,-543.53
352.59,267.08,-543.53
352.59,267.08,-543.53
352.59,267.08,-543.53
352.59,267.08,-543.53
359.64,260.05,-543.53
359.64,260.05,-543.53
359.64,260.05,-543.53
359.64,260.05,-543.53
359.64,260.05,-543.53
359.64,260.05,-543.53
359.64,260.05,-543.53
359.64,260.05,-543.53
359.64,260.05,-543.53
359.64,260.05,-543.53
366.69,267.08,-550.32
366.69,267.08,-550.32
366.69,267.08,-550.32
366.69,267.08,-550.32
366.69,267.08,-550.32
366.69,267.08,-550.32
366.69,267.08,-550.32
366.69,267.08,-550.32
366.69,267.08,-550.32
366.69,267.08,-550.32
366.69,245.99,-536.73
366.69,245.99,-536.73
366.69,245.99,-536.73
366.69,245.99,-536.73
366.69,245.99,-536.73
366.69,245.99,-536.73
366.69,245.99,-536.73
366.69,245.99,-536.73
352.59,253.02,-543.53
352.59,253.02,-543.53
352.59,253.02,-543.53
352.59,253.02,-543.53
352.59,253.02,-543.53
352.59,253.02,-543.53
352.59,253.02,-543.53
352.59,253.02,-543.53
352.59,253.02,-543.53
359.64,267.08,-543.53
359.64,267.08,-543.53
359.64,267.08,-543.53
359.64,267.08,-543.53
359.64,267.08,-543.53
359.64,267.08,-543.53
359.64,267.08,-543.53
359.64,267.08,-543.53
359.64,267.08,-543.53
359.64,267.08,-543.53
359.64,267.08,-543.53
380.8,260.05,-550.32
380.8,260.05,-550.32
380.8,260.05,-550.32
380.8,260.05,-550.32
380.8,260.05,-550.32
380.8,260.05,-550.32
380.8,260.05,-550.32
380.8,260.05,-550.32
380.8,260.05,-550.32
380.8,260.05,-550.32
380.8,260.05,-550.32
366.69,245.99,-550.32
366.69,245.99,-550.32
366.69,245.99,-550.32
366.69,245.99,-550.32
366.69,245.99,-550.32
366.69,245.99,-550.32
366.69,245.99,-550.32
366.69,245.99,-550.32
366.69,245.99,-550.32
366.69,245.99,-550.32
366.69,245.99,-550.32
366.69,245.99,-550.32
366.69,260.05,-543.53
366.69,260.05,-543.53
366.69,260.05,-543.53
366.69,260.05,-543.53
366.69,260.05,-543.53
366.69,260.05,-543.53
366.69,260.05,-543.53
366.69,260.05,-543.53
366.69,260.05,-543.53
366.69,260.05,-543.53
366.69,260.05,-543.53
366.69,260.05,-543.53
366.69,260.05,-543.53
366.69,260.05,-543.53
366.69,260.05,-543.53
-14.1,-70.28,-516.35
-14.1,-70.28,-516.35
-14.1,-70.28,-516.35
-14.1,-70.28,-516.35
-7.05,-91.37,-529.94
-7.05,-91.37,-529.94
-7.05,-91.37,-529.94
-7.05,-91.37,-529.94
-7.05,-91.37,-529.94
-7.05,-91.37,-529.94
-7.05,-91.37,-529.94
-7.05,-91.37,-529.94
-7.05,-91.37,-529.94
-7.05,-91.37,-529.94
-21.16,-98.4,-543.53
-21.16,-98.4,-543.53
-21.16,-98.4,-543.53
-21.16,-98.4,-543.53
-21.16,-98.4,-543.53
-21.16,-98.4,-543.53
-21.16,-98.4,-543.53
-21.16,-98.4,-543.53
-21.16,-98.4,-543.53
-21.16,-98.4,-543.53
-21.16,-98.4,-543.53
-14.1,-105.43,-563.91
-14.1,-105.43,-563.91
-14.1,-105.43,-563.91
-14.1,-105.43,-563.91
-14.1,-105.43,-563.91
-14.1,-105.43,-563.91
-14.1,-105.43,-563.91
-14.1,-105.43,-563.91
-14.1,-105.43,-563.91
-14.1,-105.43,-563.91
-14.1,-105.43,-563.91
0.0,-105.43,-557.12
0.0,-105.43,-557.12
0.0,-105.43,-557.12
0.0,-105.43,-557.12
0.0,-105.43,-557.12
0.0,-105.43,-557.12
0.0,-105.43,-557.12
0.0,-105.43,-557.12
0.0,-105.43,-557.12
0.0,-105.43,-557.12
0.0,-98.4,-591.09
0.0,-98.4,-591.09
0.0,-98.4,-591.09
0.0,-98.4,-591.09
0.0,-98.4,-591.09
0.0,-98.4,-591.09
0.0,-98.4,-591.09
0.0,-98.4,-591.09
0.0,-98.4,-591.09
0.0,-98.4,-591.09
0.0,-119.48,-625.06
0.0,-119.48,-625.06
0.0,-119.48,-625.06
0.0,-119.48,-625.06
0.0,-119.48,-625.06
-7.05,-112.45,-645.44
-7.05,-112.45,-645.44
-7.05,-112.45,-645.44
-7.05,-112.45,-645.44
-7.05,-112.45,-645.44
-7.05,-112.45,-645.44
-7.05,-112.45,-645.44
-7.05,-112.45,-645.44
-7.05,-112.45,-645.44
-7.05,-112.45,-645.44
-7.05,-112.45,-645.44
-35.26,-91.37,-659.03
-35.26,-91.37,-659.03
-35.26,-91.37,-659.03
-35.26,-91.37,-659.03
-35.26,-91.37,-659.03
-35.26,-91.37,-659.03
-35.26,-91.37,-659.03
-35.26,-91.37,-659.03
-35.26,-91.37,-659.03
-35.26,-91.37,-659.03
-35.26,-91.37,-659.03
0.0,-91.37,-672.62
0.0,-91.37,-672.62
0.0,-91.37,-672.62
0.0,-91.37,-672.62
0.0,-91.37,-672.62
0.0,-91.37,-672.62
0.0,-91.37,-672.62
0.0,-91.37,-672.62
0.0,-91.37,-672.62
0.0,-91.37,-672.62
-21.16,-77.31,-693.0
-21.16,-77.31,-693.0
-21.16,-77.31,-693.0
-21.16,-77.31,-693.0
-21.16,-77.31,-693.0
-21.16,-77.31,-693.0
-21.16,-77.31,-693.0
-21.16,-77.31,-693.0
-35.26,-63.26,-720.18
-35.26,-63.26,-720.18
-35.26,-63.26,-720.18
-35.26,-63.26,-720.18
-35.26,-63.26,-720.18
-35.26,-63.26,-720.18
-35.26,-63.26,-720.18
-35.26,-63.26,-720.18
-35.26,-63.26,-720.18
-35.26,-63.26,-720.18
-35.26,-63.26,-720.18
-21.16,-63.26,-733.76
-21.16,-63.26,-733.76
-21.16,-63.26,-733.76
-21.16,-63.26,-733.76
-21.16,-63.26,-733.76
-21.16,-63.26,-733.76
-21.16,-63.26,-733.76
-21.16,-63.26,-733.76
-28.21,-35.14,-767.73
-28.21,-35.14,-767.73
-28.21,-35.14,-767.73
-28.21,-35.14,-767.73
-28.21,-35.14,-767.73
-28.21,-35.14,-767.73
-28.21,-35.14,-767.73
-28.21,-35.14,-767.73
-28.21,-35.14,-767.73
-35.26,-7.03,-774.53
-35.26,-7.03,-774.53
-35.26,-7.03,-774.53
-35.26,-7.03,-774.53
-35.26,-7.03,-774.53
-35.26,-7.03,-774.53
-35.26,-7.03,-774.53
-35.26,-7.03,-774.53
-49.36,28.11,-794.91
-49.36,28.11,-794.91
-49.36,28.11,-794.91
-49.36,28.11,-794.91
-49.36,28.11,-794.91
-49.36,28.11,-794.91
-49.36,28.11,-794.91
-49.36,28.11,-794.91
-49.36,28.11,-794.91
-49.36,28.11,-794.91
-56.41,63.26,-815.29
-56.41,63.26,-815.29
-56.41,63.26,-815.29
-56.41,63.26,-815.29
-56.41,63.26,-815.29
-56.41,63.26,-815.29
-56.41,63.26,-815.29
-56.41,63.26,-815.29
-56.41,63.26,-815.29
-56.41,63.26,-815.29
-56.41,63.26,-815.29
-77.57,84.34,-822.09
-77.57,84.34,-822.09
-77.57,84.34,-822.09
-77.57,84.34,-822.09
-77.57,84.34,-822.09
-77.57,84.34,-822.09
-77.57,84.34,-822.09
-77.57,84.34,-822.09
-77.57,84.34,-822.09
-63.47,98.4,-815.29
-63.47,98.4,-815.29
-63.47,98.4,-815.29
-63.47,98.4,-815.29
-63.47,98.4,-815.29
-63.47,98.4,-815.29
-63.47,98.4,-815.29
-63.47,98.4,-815.29
-63.47,98.4,-815.29
-63.47,98.4,-815.29
-84.62,77.31,-822.09
-84.62,77.31,-822.09
-84.62,77.31,-822.09
-84.62,77.31,-822.09
-84.62,77.31,-822.09
-84.62,77.31,-822.09
-84.62,77.31,-822.09
-84.62,77.31,-822.09
-84.62,77.31,-822.09
-84.62,77.31,-822.09
-84.62,98.4,-808.5
-84.62,98.4,-808.5
-84.62,98.4,-808.5
-84.62,98.4,-808.5
-84.62,98.4,-808.5
-84.62,98.4,-808.5
-84.62,98.4,-808.5
-84.62,98.4,-808.5
-84.62,98.4,-808.5
-84.62,98.4,-808.5
-84.62,98.4,-808.5
-63.47,98.4,-828.88
-63.47,98.4,-828.88
-63.47,98.4,-828.88
-63.47,98.4,-828.88
-63.47,98.4,-828.88
-63.47,98.4,-828.88
-63.47,98.4,-828.88
-63.47,98.4,-828.88
-63.47,98.4,-828.88
-63.47,98.4,-828.88
-77.57,105.43,-835.68
-77.57,105.43,-835.68
-77.57,105.43,-835.68
-77.57,105.43,-835.68
-77.57,105.43,-835.68
-77.57,105.43,-835.68
-77.57,105.43,-835.68
-77.57,105.43,-835.68
-77.57,105.43,-835.68
-77.57,133.54,-822.09
-77.57,133.54,-822.09
-77.57,133.54,-822.09
-77.57,133.54,-822.09
-77.57,133.54,-822.09
-77.57,133.54,-822.09
-77.57,133.54,-822.09
-77.57,133.54,-822.09
-70.52,133.54,-822.09
-70.52,133.54,-822.09
-70.52,133.54,-822.09
-70.52,133.54,-822.09
-70.52,133.54,-822.09
-70.52,133.54,-822.09
-70.52,133.54,-822.09
-70.52,133.54,-822.09
-77.57,161.65,-822.09
-77.57,161.65,-822.09
-77.57,161.65,-822.09
-77.57,161.65,-822.09
-77.57,161.65,-822.09
-77.57,161.65,-822.09
-77.57,161.65,-822.09
-77.57,161.65,-822.09
-77.57,161.65,-822.09
-98.73,175.71,-828.88
-98.73,175.71,-828.88
-98.73,175.71,-828.88
-98.73,175.71,-828.88
-98.73,175.71,-828.88
-98.73,175.71,-828.88
-98.73,175.71,-828.88
-98.73,175.71,-828.88
-98.73,175.71,-828.88
-98.73,175.71,-828.88
-98.73,175.71,-828.88
-91.67,182.74,-815.29
-91.67,182.74,-815.29
-91.67,182.74,-815.29
-91.67,182.74,-815.29
-91.67,182.74,-815.29
-91.67,182.74,-815.29
-91.67,182.74,-815.29
-91.67,182.74,-815.29
-91.67,182.74,-815.29
-91.67,224.91,-794.91
-91.67,224.91,-794.91
-91.67,224.91,-794.91
-91.67,224.91,-794.91
-91.67,224.91,-794.91
-91.67,224.91,-794.91
-91.67,224.91,-794.91
-91.67,224.91,-794.91
-91.67,224.91,-794.91
-91.67,224.91,-794.91
-91.67,224.91,-794.91
-98.73,224.91,-794.91
-98.73,224.91,-794.91
-98.73,224.91,-794.91
-98.73,224.91,-794.91
-98.73,224.91,-794.91
-98.73,224.91,-794.91
-98.73,224.91,-794.91
-98.73,224.91,-794.91
-98.73,224.91,-794.91
-91.67,245.99,-794.91
-91.67,245.99,-794.91
-91.67,245.99,-794.91
-91.67,245.99,-794.91
-91.67,245.99,-794.91
-91.67,245.99,-794.91
-91.67,245.99,-794.91
-112.83,238.97,-788.12
-112.83,238.97,-788.12
-112.83,238.97,-788.12
-112.83,238.97,-788.12
-112.83,238.97,-788.12
-112.83,238.97,-788.12
-112.83,238.97,-788.12
-112.83,238.97,-788.12
-112.83,238.97,-788.12
-112.83,238.97,-788.12
-112.83,238.97,-788.12
-105.78,274.11,-767.73
-105.78,274.11,-767.73
-105.78,274.11,-767.73
-105.78,274.11,-767.73
-105.78,274.11,-767.73
-105.78,274.11,-767.73
-119.88,288.16,-754.15
-119.88,288.16,-754.15
-119.88,288.16,-754.15
-119.88,288.16,-754.15
-119.88,288.16,-754.15
-119.88,288.16,-754.15
-119.88,288.16,-754.15
-119.88,288.16,-754.15
-119.88,288.16,-754.15
-119.88,288.16,-754.15
-119.88,288.16,-754.15
-119.88,288.16,-740.56
-119.88,288.16,-740.56
-119.88,288.16,-740.56
-119.88,288.16,-740.56
-119.88,288.16,-740.56
-119.88,288.16,-740.56
-126.93,295.19,-740.56
-126.93,295.19,-740.56
-126.93,295.19,-740.56
-126.93,295.19,-740.56
-126.93,295.19,-740.56
-126.93,295.19,-740.56
-126.93,295.19,-740.56
-126.93,295.19,-740.56
-126.93,295.19,-740.56
-126.93,295.19,-740.56
-126.93,295.19,-740.56
-112.83,316.28,-713.38
-112.83,316.28,-713.38
-112.83,316.28,-713.38
-112.83,316.28,-713.38
-112.83,316.28,-713.38
-112.83,316.28,-713.38
-112.83,316.28,-713.38
-112.83,316.28,-713.38
-112.83,316.28,-713.38
-112.83,316.28,-713.38
-105.78,288.16,-699.79
-105.78,288.16,-699.79
-105.78,288.16,-699.79
-105.78,288.16,-699.79
-105.78,288.16,-699.79
-105.78,288.16,-699.79
-105.78,288.16,-699.79
-105.78,288.16,-699.79
-112.83,316.28,-686.21
-112.83,316.28,-686.21
-112.83,316.28,-686.21
-112.83,316.28,-686.21
-112.83,316.28,-686.21
-112.83,316.28,-686.21
-112.83,316.28,-686.21
-112.83,309.25,-659.03
-112.83,309.25,-659.03
-112.83,309.25,-659.03
-112.83,309.25,-659.03
-112.83,309.25,-659.03
-112.83,309.25,-659.03
-112.83,309.25,-659.03
-112.83,309.25,-659.03
-112.83,309.25,-659.03
-112.83,309.25,-659.03
-112.83,309.25,-659.03
-112.83,302.22,-652.23
-112.83,302.22,-652.23
-112.83,302.22,-652.23
-112.83,302.22,-652.23
-112.83,302.22,-652.23
-112.83,302.22,-652.23
-112.83,302.22,-652.23
-112.83,302.22,-652.23
-112.83,302.22,-652.23
-112.83,302.22,-652.23
-112.83,302.22,-652.23
-112.83,302.22,-652.23
-112.83,295.19,-638.65
-112.83,295.19,-638.65
-112.83,295.19,-638.65
-112.83,295.19,-638.65
-112.83,295.19,-638.65
-112.83,295.19,-638.65
-112.83,295.19,-638.65
-112.83,295.19,-638.65
-112.83,295.19,-638.65
-98.73,309.25,-611.47
-98.73,309.25,-611.47
-98.73,309.25,-611.47
-98.73,309.25,-611.47
-112.83,295.19,-597.88
-112.83,295.19,-597.88
-112.83,295.19,-597.88
-112.83,295.19,-597.88
-112.83,295.19,-597.88
-112.83,295.19,-597.88
-112.83,295.19,-597.88
-112.83,295.19,-597.88
-112.83,295.19,-597.88
-91.67,288.16,-604.68
-91.67,288.16,-604.68
-91.67,288.16,-604.68
-91.67,288.16,-604.68
-91.67,288.16,-604.68
-119.88,274.11,-563.91
-119.88,274.11,-563.91
-119.88,274.11,-563.91
-119.88,274.11,-563.91
-119.88,274.11,-563.91
-119.88,274.11,-563.91
-119.88,274.11,-563.91
-119.88,274.11,-563.91
-119.88,274.11,-563.91
-119.88,274.11,-563.91
-112.83,288.16,-550.32
-112.83,288.16,-550.32
-112.83,288.16,-550.32
-112.83,288.16,-550.32
-112.83,288.16,-550.32
-112.83,288.16,-550.32
-112.83,288.16,-550.32
-105.78,260.05,-557.12
-105.78,260.05,-557.12
-105.78,260.05,-557.12
-105.78,260.05,-557.12
-105.78,260.05,-557.12
-105.78,260.05,-557.12
-98.73,245.99,-536.73
-98.73,245.99,-536.73
-98.73,245.99,-536.73
-98.73,245.99,-536.73
-98.73,245.99,-536.73
-98.73,245.99,-536.73
-98.73,245.99,-536.73
-98.73,245.99,-536.73
-98.73,245.99,-536.73
-98.73,245.99,-536.73
-98.73,245.99,-536.73
-91.67,238.97,-523.15
-91.67,238.97,-523.15
-91.67,238.97,-523.15
-91.67,238.97,-523.15
-91.67,238.97,-523.15
-77.57,217.88,-502.76
-77.57,217.88,-502.76
-77.57,217.88,-502.76
-77.57,217.88,-502.76
-77.57,217.88,-502.76
-77.57,217.88,-502.76
-77.57,217.88,-502.76
-77.57,217.88,-502.76
-77.57,217.88,-502.76
-77.57,217.88,-502.76
-77.57,210.85,-489.18
-77.57,210.85,-489.18
-77.57,210.85,-489.18
-77.57,210.85,-489.18
-77.57,210.85,-489.18
-77.57,210.85,-489.18
-77.57,210.85,-489.18
-77.57,210.85,-489.18
-77.57,210.85,-489.18
-77.57,210.85,-489.18
-77.57,210.85,-489.18
-98.73,196.79,-475.59
-98.73,196.79,-475.59
-98.73,196.79,-475.59
-98.73,196.79,-475.59
-98.73,196.79,-475.59
-98.73,196.79,-475.59
-70.52,189.77,-475.59
-70.52,189.77,-475.59
-70.52,189.77,-475.59
-70.52,189.77,-475.59
-70.52,189.77,-475.59
-70.52,189.77,-475.59
-70.52,189.77,-475.59
-70.52,189.77,-475.59
-70.52,189.77,-475.59
-70.52,182.74,-475.59
-70.52,182.74,-475.59
-70.52,182.74,-475.59
-70.52,182.74,-475.59
-70.52,182.74,-475.59
-70.52,182.74,-475.59
-70.52,182.74,-475.59
-70.52,182.74,-475.59
-84.62,161.65,-455.21
-84.62,161.65,-455.21
-84.62,161.65,-455.21
-84.62,161.65,-455.21
-84.62,161.65,-455.21
-84.62,161.65,-455.21
-84.62,161.65,-455.21
-84.62,161.65,-455.21
-84.62,161.65,-455.21
-84.62,161.65,-455.21
-84.62,161.65,-455.21
-63.47,140.57,-455.21
-63.47,140.57,-455.21
-63.47,140.57,-455.21
-63.47,140.57,-455.21
-63.47,140.57,-455.21
-63.47,140.57,-455.21
-63.47,140.57,-455.21
-42.31,133.54,-434.82
-42.31,133.54,-434.82
-42.31,133.54,-434.82
-42.31,133.54,-434.82
-42.31,133.54,-434.82
-42.31,133.54,-434.82
-42.31,133.54,-434.82
-42.31,133.54,-434.82
-42.31,133.54,-434.82
-42.31,133.54,-434.82
-42.31,112.45,-448.41
-42.31,112.45,-448.41
-42.31,112.45,-448.41
-42.31,112.45,-448.41
-42.31,112.45,-448.41
-42.31,112.45,-448.41
-42.31,112.45,-448.41
-42.31,112.45,-448.41
-42.31,112.45,-448.41
-42.31,112.45,-448.41
-42.31,112.45,-448.41
-63.47,77.31,-455.21
-63.47,77.31,-455.21
-63.47,77.31,-455.21
-63.47,77.31,-455.21
-63.47,77.31,-455.21
-63.47,77.31,-455.21
-63.47,77.31,-455.21
-63.47,77.31,-455.21
-63.47,77.31,-455.21
-63.47,77.31,-455.21
-63.47,77.31,-455.21
-49.36,84.34,-462.0
-49.36,84.34,-462.0
-49.36,84.34,-462.0
-49.36,84.34,-462.0
-49.36,84.34,-462.0
-49.36,84.34,-462.0
-49.36,84.34,-462.0
-49.36,84.34,-462.0
-42.31,70.28,-448.41
-42.31,70.28,-448.41
-42.31,70.28,-448.41
-42.31,70.28,-448.41
-42.31,70.28,-448.41
-42.31,70.28,-448.41
-42.31,70.28,-448.41
-42.31,70.28,-448.41
-42.31,70.28,-448.41
-49.36,49.2,-441.62
-49.36,49.2,-441.62
-49.36,49.2,-441.62
-49.36,49.2,-441.62
-49.36,49.2,-441.62
-49.36,49.2,-441.62
-49.36,49.2,-441.62
105.777,78.015,-154.905
-35.26,56.23,-448.41
-35.26,56.23,-448.41
-35.26,56.23,-448.41
-35.26,56.23,-448.41
-35.26,56.23,-448.41
-35.26,56.23,-448.41
-35.26,28.11,-441.62
-35.26,28.11,-441.62
-35.26,28.11,-441.62
-35.26,28.11,-441.62
-35.26,28.11,-441.62
-35.26,28.11,-441.62
-35.26,28.11,-441.62
-35.26,28.11,-441.62
-35.26,28.11,-441.62
-35.26,28.11,-441.62
-28.21,14.06,-448.41
-28.21,14.06,-448.41
-28.21,14.06,-448.41
-28.21,14.06,-448.41
-28.21,14.06,-448.41
-28.21,14.06,-448.41
-28.21,14.06,-448.41
-28.21,14.06,-448.41
-28.21,14.06,-448.41
-28.21,14.06,-448.41
-28.21,14.06,-448.41
-28.21,21.09,-455.21
-28.21,21.09,-455.21
-28.21,21.09,-455.21
-28.21,21.09,-455.21
-28.21,21.09,-455.21
-28.21,21.09,-455.21
-28.21,21.09,-455.21
-42.31,0.0,-448.41
-42.31,0.0,-448.41
-42.31,0.0,-448.41
-42.31,0.0,-448.41
-35.26,-7.03,-448.41
-35.26,-7.03,-448.41
-35.26,-7.03,-448.41
-35.26,-7.03,-448.41
-35.26,-7.03,-448.41
-35.26,-7.03,-448.41
-35.26,-7.03,-448.41
-35.26,-7.03,-448.41
-35.26,-7.03,-448.41
-21.16,7.03,-448.41
-21.16,7.03,-448.41
-21.16,7.03,-448.41
-21.16,7.03,-448.41
-21.16,7.03,-448.41
-21.16,7.03,-448.41
-21.16,7.03,-448.41
-21.16,7.03,-448.41
-21.16,7.03,-448.41
-21.16,7.03,-448.41
-28.21,-7.03,-455.21
-28.21,-7.03,-455.21
-28.21,-7.03,-455.21
-28.21,-7.03,-455.21
-28.21,-7.03,-455.21
-28.21,-7.03,-455.21
-28.21,-7.03,-455.21
-28.21,-7.03,-448.41
-28.21,-7.03,-448.41
-28.21,-7.03,-448.41
-28.21,-7.03,-448.41
-28.21,-7.03,-448.41
-28.21,-7.03,-448.41
-28.21,-7.03,-448.41
-28.21,-7.03,-448.41
-28.21,-7.03,-448.41
-28.21,-7.03,-448.41
-28.21,-7.03,-448.41
-28.21,-7.03,-448.41
-28.21,-7.03,-448.41
-35.26,0.0,-475.59
-35.26,0.0,-475.59
-35.26,0.0,-475.59
-35.26,0.0,-475.59
-35.26,0.0,-475.59
-35.26,0.0,-475.59
-35.26,0.0,-475.59
-35.26,0.0,-475.59
-35.26,0.0,-475.59
-35.26,0.0,-475.59
-14.1,-7.03,-462.0
-14.1,-7.03,-462.0
-14.1,-7.03,-462.0
-14.1,-7.03,-462.0
-14.1,-7.03,-462.0
-14.1,-7.03,-462.0
-14.1,-7.03,-462.0
-14.1,-7.03,-462.0
-14.1,-7.03,-462.0
-14.1,-7.03,-462.0
-14.1,-7.03,-462.0
-14.1,-7.03,-448.41
-14.1,-7.03,-448.41
-14.1,-7.03,-448.41
-14.1,-7.03,-448.41
-14.1,-7.03,-448.41
-14.1,-7.03,-448.41
-14.1,-7.03,-448.41
-14.1,-7.03,-448.41
-14.1,-7.03,-448.41
-14.1,-7.03,-448.41
-14.1,-7.03,-448.41
-14.1,-7.03,-448.41
-14.1,-14.06,-462.0
-14.1,-14.06,-462.0
-14.1,-14.06,-462.0
-14.1,-14.06,-462.0
-14.1,-14.06,-462.0
-14.1,-14.06,-462.0
-14.1,-14.06,-462.0
-14.1,-14.06,-462.0
-14.1,-35.14,-462.0
-14.1,-35.14,-462.0
-14.1,-35.14,-462.0
-14.1,-35.14,-462.0
-14.1,-35.14,-462.0
-14.1,-35.14,-462.0
-14.1,-35.14,-462.0
-14.1,-35.14,-462.0
-28.21,-35.14,-468.79
-28.21,-35.14,-468.79
-28.21,-35.14,-468.79
-28.21,-35.14,-468.79
-28.21,-35.14,-468.79
-28.21,-35.14,-468.79
-28.21,-35.14,-468.79
-28.21,-35.14,-468.79
-28.21,-35.14,-468.79
-14.1,-49.2,-489.18
-14.1,-49.2,-489.18
-14.1,-49.2,-489.18
-14.1,-49.2,-489.18
-14.1,-49.2,-489.18
-14.1,-49.2,-489.18
-14.1,-49.2,-489.18
-14.1,-49.2,-489.18
-14.1,-49.2,-489.18
-21.16,-63.26,-482.38
-21.16,-63.26,-482.38
-21.16,-63.26,-482.38
-21.16,-63.26,-482.38
-21.16,-63.26,-482.38
-21.16,-63.26,-482.38
-21.16,-63.26,-482.38
-21.16,-63.26,-482.38
-21.16,-63.26,-482.38
-7.05,-70.28,-502.76
-7.05,-70.28,-502.76
-7.05,-70.28,-502.76
-7.05,-70.28,-502.76
-7.05,-70.28,-502.76
-7.05,-70.28,-502.76
-7.05,-70.28,-502.76
-7.05,-70.28,-502.76
-7.05,-70.28,-502.76
-7.05,-70.28,-502.76
-7.05,-70.28,-502.76
-28.21,-77.31,-502.76
-28.21,-77.31,-502.76
-28.21,-77.31,-502.76
-28.21,-77.31,-502.76
-28.21,-77.31,-502.76
-28.21,-77.31,-502.76
-28.21,-77.31,-502.76
-28.21,-77.31,-502.76
-28.21,-77.31,-502.76
-28.21,-77.31,-502.76
-28.21,-77.31,-502.76
-7.05,-84.34,-516.35
-7.05,-84.34,-516.35
-7.05,-84.34,-516.35
-7.05,-84.34,-516.35
-7.05,-84.34,-516.35
-7.05,-84.34,-516.35
-7.05,-84.34,-516.35
-7.05,-84.34,-516.35
-7.05,-84.34,-516.35
-14.1,-84.34,-523.15
-14.1,-84.34,-523.15
-14.1,-84.34,-523.15
-14.1,-84.34,-523.15
-14.1,-84.34,-523.15
-14.1,-84.34,-523.15
-14.1,-84.34,-523.15
-14.1,-84.34,-523.15
-14.1,-91.37,-536.73
-14.1,-91.37,-536.73
-14.1,-91.37,-536.73
-14.1,-91.37,-536.73
-14.1,-91.37,-536.73
-14.1,-91.37,-536.73
-14.1,-91.37,-536.73
-14.1,-91.37,-536.73
-14.1,-91.37,-536.73
-14.1,-91.37,-536.73
-14.1,-91.37,-536.73
-14.1,-98.4,-543.53
-14.1,-98.4,-543.53
-14.1,-98.4,-543.53
-14.1,-98.4,-543.53
-14.1,-98.4,-543.53
-14.1,-98.4,-543.53
-14.1,-98.4,-543.53
-14.1,-98.4,-543.53
-14.1,-98.4,-543.53
-14.1,-98.4,-543.53
-14.1,-98.4,-543.53
-21.16,-105.43,-557.12
-21.16,-105.43,-557.12
-21.16,-105.43,-557.12
-21.16,-105.43,-557.12
-21.16,-105.43,-557.12
-21.16,-105.43,-557.12
-21.16,-105.43,-557.12
-21.16,-105.43,-557.12
-21.16,-105.43,-557.12
-21.16,-105.43,-557.12
-14.1,-105.43,-563.91
-14.1,-105.43,-563.91
-14.1,-105.43,-563.91
-14.1,-105.43,-563.91
-14.1,-105.43,-563.91
-14.1,-105.43,-563.91
-14.1,-105.43,-563.91
-14.1,-105.43,-563.91
-14.1,-105.43,-563.91
-21.16,-105.43,-591.09
-21.16,-105.43,-591.09
-21.16,-105.43,-591.09
-21.16,-105.43,-591.09
-21.16,-105.43,-591.09
-21.16,-105.43,-591.09
-21.16,-105.43,-591.09
-21.16,-105.43,-591.09
-21.16,-105.43,-591.09
-14.1,-112.45,-597.88
-14.1,-112.45,-597.88
-14.1,-112.45,-597.88
-14.1,-112.45,-597.88
-14.1,-112.45,-597.88
-14.1,-112.45,-597.88
-14.1,-112.45,-597.88
-14.1,-112.45,-597.88
-14.1,-112.45,-597.88
-14.1,-112.45,-597.88
0.0,-119.48,-631.85
0.0,-119.48,-631.85
0.0,-119.48,-631.85
0.0,-119.48,-631.85
0.0,-119.48,-631.85
0.0,-119.48,-631.85
0.0,-119.48,-631.85
0.0,-119.48,-631.85
0.0,-119.48,-631.85
0.0,-119.48,-631.85
0.0,-119.48,-631.85
0.0,-119.48,-631.85
-14.1,-112.45,-631.85
-14.1,-112.45,-631.85
-14.1,-112.45,-631.85
-14.1,-112.45,-631.85
-7.05,-126.51,-631.85
-7.05,-126.51,-631.85
-7.05,-126.51,-631.85
-7.05,-126.51,-631.85
-7.05,-126.51,-631.85
-7.05,-126.51,-631.85
-7.05,-126.51,-631.85
-7.05,-126.51,-631.85
-7.05,-126.51,-631.85
-14.1,-112.45,-665.82
-14.1,-112.45,-665.82
-14.1,-112.45,-665.82
-14.1,-112.45,-665.82
-14.1,-112.45,-665.82
-14.1,-112.45,-665.82
-14.1,-112.45,-665.82
-14.1,-112.45,-665.82
-14.1,-112.45,-665.82
-14.1,-98.4,-665.82
-14.1,-98.4,-665.82
-14.1,-98.4,-665.82
-14.1,-98.4,-665.82
-14.1,-98.4,-665.82
-14.1,-98.4,-665.82
-7.05,-84.34,-679.41
-7.05,-84.34,-679.41
-7.05,-84.34,-679.41
-7.05,-84.34,-679.41
-7.05,-84.34,-679.41
-7.05,-84.34,-679.41
-7.05,-84.34,-679.41
-7.05,-84.34,-679.41
-7.05,-84.34,-679.41
-7.05,-84.34,-679.41
-7.05,-84.34,-679.41
-7.05,-84.34,-679.41
-7.05,-91.37,-699.79
-7.05,-91.37,-699.79
-7.05,-91.37,-699.79
-7.05,-91.37,-699.79
-7.05,-91.37,-699.79
-7.05,-91.37,-699.79
-7.05,-91.37,-699.79
-7.05,-91.37,-699.79
-7.05,-91.37,-699.79
-21.16,-77.31,-713.38
-21.16,-77.31,-713.38
-21.16,-77.31,-713.38
-21.16,-77.31,-713.38
-21.16,-77.31,-713.38
-21.16,-77.31,-713.38
-21.16,-77.31,-713.38
-21.16,-77.31,-713.38
-21.16,-77.31,-713.38
-14.1,-84.34,-713.38
-14.1,-84.34,-713.38
-14.1,-84.34,-713.38
-14.1,-84.34,-713.38
-14.1,-84.34,-713.38
-14.1,-84.34,-713.38
-14.1,-84.34,-713.38
-14.1,-84.34,-713.38
-14.1,-84.34,-713.38
-14.1,-84.34,-713.38
-7.05,-77.31,-726.97
-7.05,-77.31,-726.97
-7.05,-77.31,-726.97
-7.05,-77.31,-726.97
-7.05,-77.31,-726.97
-7.05,-77.31,-726.97
-35.26,-56.23,-740.56
-35.26,-56.23,-740.56
-35.26,-56.23,-740.56
-35.26,-56.23,-740.56
-35.26,-49.2,-754.15
-35.26,-49.2,-754.15
-35.26,-49.2,-754.15
-35.26,-49.2,-754.15
-35.26,-49.2,-754.15
-35.26,-49.2,-754.15
-35.26,-49.2,-754.15
-35.26,-49.2,-754.15
-35.26,-49.2,-754.15
-21.16,-21.09,-767.73
-21.16,-21.09,-767.73
-21.16,-21.09,-767.73
-21.16,-21.09,-767.73
-21.16,-21.09,-767.73
-21.16,-21.09,-767.73
-21.16,-21.09,-767.73
-35.26,-21.09,-774.53
-35.26,-21.09,-774.53
-35.26,-21.09,-774.53
-35.26,-21.09,-774.53
-35.26,-21.09,-774.53
-35.26,-21.09,-774.53
-35.26,-21.09,-774.53
-35.26,-21.09,-774.53
-35.26,-21.09,-774.53
-42.31,0.0,-781.32
-42.31,0.0,-781.32
-42.31,0.0,-781.32
-42.31,0.0,-781.32
-42.31,0.0,-781.32
-42.31,0.0,-781.32
-42.31,0.0,-781.32
-42.31,0.0,-781.32
-42.31,0.0,-781.32
-42.31,0.0,-781.32
-42.31,0.0,-781.32
-14.1,14.06,-794.91
-14.1,14.06,-794.91
-14.1,14.06,-794.91
-14.1,14.06,-794.91
-14.1,14.06,-794.91
-14.1,14.06,-794.91
-14.1,14.06,-794.91
-14.1,14.06,-794.91
-14.1,14.06,-794.91
-14.1,14.06,-794.91
-42.31,28.11,-794.91
-42.31,28.11,-794.91
-42.31,28.11,-794.91
-42.31,28.11,-794.91
-42.31,28.11,-794.91
-42.31,28.11,-794.91
-42.31,28.11,-794.91
-35.26,42.17,-794.91
-35.26,42.17,-794.91
-35.26,42.17,-794.91
-35.26,42.17,-794.91
-35.26,42.17,-794.91
-35.26,42.17,-794.91
-35.26,42.17,-794.91
-35.26,42.17,-794.91
-35.26,42.17,-794.91
-35.26,42.17,-794.91
-49.36,56.23,-815.29
-49.36,56.23,-815.29
-49.36,56.23,-815.29
-49.36,56.23,-815.29
-49.36,56.23,-815.29
-49.36,56.23,-815.29
-49.36,56.23,-815.29
-49.36,56.23,-815.29
-56.41,77.31,-828.88
-56.41,77.31,-828.88
-56.41,77.31,-828.88
-56.41,77.31,-828.88
-56.41,77.31,-828.88
-56.41,77.31,-828.88
-56.41,77.31,-828.88
-56.41,77.31,-828.88
-56.41,77.31,-828.88
-56.41,77.31,-828.88
-56.41,77.31,-828.88
-56.41,84.34,-815.29
-56.41,84.34,-815.29
-56.41,84.34,-815.29
-56.41,84.34,-815.29
-56.41,84.34,-815.29
-56.41,84.34,-815.29
-56.41,84.34,-815.29
-56.41,84.34,-815.29
-56.41,84.34,-815.29
